gene,pathway
AKT1,path:ptr01521
AKT1,path:ptr01522
AKT1,path:ptr01524
AKT1,path:ptr04010
AKT1,path:ptr04012
AKT1,path:ptr04014
AKT1,path:ptr04015
AKT1,path:ptr04022
AKT1,path:ptr04024
AKT1,path:ptr04062
AKT1,path:ptr04066
AKT1,path:ptr04068
AKT1,path:ptr04071
AKT1,path:ptr04072
AKT1,path:ptr04140
AKT1,path:ptr04150
AKT1,path:ptr04151
AKT1,path:ptr04152
AKT1,path:ptr04210
AKT1,path:ptr04211
AKT1,path:ptr04213
AKT1,path:ptr04218
AKT1,path:ptr04261
AKT1,path:ptr04370
AKT1,path:ptr04371
AKT1,path:ptr04380
AKT1,path:ptr04510
AKT1,path:ptr04517
AKT1,path:ptr04518
AKT1,path:ptr04550
AKT1,path:ptr04611
AKT1,path:ptr04613
AKT1,path:ptr04620
AKT1,path:ptr04625
AKT1,path:ptr04630
AKT1,path:ptr04660
AKT1,path:ptr04662
AKT1,path:ptr04664
AKT1,path:ptr04666
AKT1,path:ptr04668
AKT1,path:ptr04722
AKT1,path:ptr04725
AKT1,path:ptr04728
AKT1,path:ptr04810
AKT1,path:ptr04910
AKT1,path:ptr04914
AKT1,path:ptr04915
AKT1,path:ptr04917
AKT1,path:ptr04919
AKT1,path:ptr04920
AKT1,path:ptr04922
AKT1,path:ptr04923
AKT1,path:ptr04926
AKT1,path:ptr04929
AKT1,path:ptr04931
AKT1,path:ptr04932
AKT1,path:ptr04933
AKT1,path:ptr04935
AKT1,path:ptr04936
AKT1,path:ptr04973
AKT1,path:ptr05010
AKT1,path:ptr05017
AKT1,path:ptr05132
AKT1,path:ptr05135
AKT1,path:ptr05142
AKT1,path:ptr05145
AKT1,path:ptr05152
AKT1,path:ptr05160
AKT1,path:ptr05161
AKT1,path:ptr05162
AKT1,path:ptr05163
AKT1,path:ptr05164
AKT1,path:ptr05165
AKT1,path:ptr05166
AKT1,path:ptr05167
AKT1,path:ptr05168
AKT1,path:ptr05169
AKT1,path:ptr05170
AKT1,path:ptr05200
AKT1,path:ptr05205
AKT1,path:ptr05207
AKT1,path:ptr05208
AKT1,path:ptr05210
AKT1,path:ptr05211
AKT1,path:ptr05212
AKT1,path:ptr05213
AKT1,path:ptr05214
AKT1,path:ptr05215
AKT1,path:ptr05218
AKT1,path:ptr05220
AKT1,path:ptr05221
AKT1,path:ptr05222
AKT1,path:ptr05223
AKT1,path:ptr05224
AKT1,path:ptr05225
AKT1,path:ptr05226
AKT1,path:ptr05230
AKT1,path:ptr05231
AKT1,path:ptr05235
AKT1,path:ptr05415
AKT1,path:ptr05417
AKT1,path:ptr05418
AKT2,path:ptr01521
AKT2,path:ptr01522
AKT2,path:ptr01524
AKT2,path:ptr04010
AKT2,path:ptr04012
AKT2,path:ptr04014
AKT2,path:ptr04015
AKT2,path:ptr04022
AKT2,path:ptr04024
AKT2,path:ptr04062
AKT2,path:ptr04066
AKT2,path:ptr04068
AKT2,path:ptr04071
AKT2,path:ptr04072
AKT2,path:ptr04140
AKT2,path:ptr04150
AKT2,path:ptr04151
AKT2,path:ptr04152
AKT2,path:ptr04210
AKT2,path:ptr04211
AKT2,path:ptr04213
AKT2,path:ptr04218
AKT2,path:ptr04261
AKT2,path:ptr04370
AKT2,path:ptr04371
AKT2,path:ptr04380
AKT2,path:ptr04510
AKT2,path:ptr04517
AKT2,path:ptr04518
AKT2,path:ptr04550
AKT2,path:ptr04611
AKT2,path:ptr04613
AKT2,path:ptr04620
AKT2,path:ptr04625
AKT2,path:ptr04630
AKT2,path:ptr04660
AKT2,path:ptr04662
AKT2,path:ptr04664
AKT2,path:ptr04666
AKT2,path:ptr04668
AKT2,path:ptr04722
AKT2,path:ptr04725
AKT2,path:ptr04728
AKT2,path:ptr04810
AKT2,path:ptr04910
AKT2,path:ptr04914
AKT2,path:ptr04915
AKT2,path:ptr04917
AKT2,path:ptr04919
AKT2,path:ptr04920
AKT2,path:ptr04922
AKT2,path:ptr04923
AKT2,path:ptr04926
AKT2,path:ptr04929
AKT2,path:ptr04931
AKT2,path:ptr04932
AKT2,path:ptr04933
AKT2,path:ptr04935
AKT2,path:ptr04936
AKT2,path:ptr04973
AKT2,path:ptr05010
AKT2,path:ptr05017
AKT2,path:ptr05132
AKT2,path:ptr05135
AKT2,path:ptr05142
AKT2,path:ptr05145
AKT2,path:ptr05152
AKT2,path:ptr05160
AKT2,path:ptr05161
AKT2,path:ptr05162
AKT2,path:ptr05163
AKT2,path:ptr05164
AKT2,path:ptr05165
AKT2,path:ptr05166
AKT2,path:ptr05167
AKT2,path:ptr05168
AKT2,path:ptr05169
AKT2,path:ptr05170
AKT2,path:ptr05200
AKT2,path:ptr05205
AKT2,path:ptr05207
AKT2,path:ptr05208
AKT2,path:ptr05210
AKT2,path:ptr05211
AKT2,path:ptr05212
AKT2,path:ptr05213
AKT2,path:ptr05214
AKT2,path:ptr05215
AKT2,path:ptr05218
AKT2,path:ptr05220
AKT2,path:ptr05221
AKT2,path:ptr05222
AKT2,path:ptr05223
AKT2,path:ptr05224
AKT2,path:ptr05225
AKT2,path:ptr05226
AKT2,path:ptr05230
AKT2,path:ptr05231
AKT2,path:ptr05235
AKT2,path:ptr05415
AKT2,path:ptr05417
AKT2,path:ptr05418
ATR,path:hsa03460
CHEK1,path:ptr04110
CHEK1,path:ptr04115
CHEK1,path:ptr04218
CHEK1,path:ptr05166
CHEK1,path:ptr05170
CHEK1,path:ptr05203
CHEK2,path:ptr04110
CHEK2,path:ptr04115
CHEK2,path:ptr04218
CHEK2,path:ptr05166
ERBB2,path:ptr01521
ERBB2,path:ptr01522
ERBB2,path:ptr01524
ERBB2,path:ptr04010
ERBB2,path:ptr04012
ERBB2,path:ptr04020
ERBB2,path:ptr04066
ERBB2,path:ptr04151
ERBB2,path:ptr04510
ERBB2,path:ptr04518
ERBB2,path:ptr04519
ERBB2,path:ptr04520
ERBB2,path:ptr04530
ERBB2,path:ptr05200
ERBB2,path:ptr05205
ERBB2,path:ptr05206
ERBB2,path:ptr05212
ERBB2,path:ptr05213
ERBB2,path:ptr05215
ERBB2,path:ptr05219
ERBB2,path:ptr05223
ERBB2,path:ptr05224
ERBB2,path:ptr05226
ERBB2,path:ptr05230
ERBB3,path:ptr01521
ERBB3,path:ptr04010
ERBB3,path:ptr04012
ERBB3,path:ptr04020
ERBB3,path:ptr04151
ERBB3,path:ptr05205
ERBB3,path:ptr05206
FGFR2,path:ptr01521
FGFR2,path:ptr04010
FGFR2,path:ptr04014
FGFR2,path:ptr04015
FGFR2,path:ptr04020
FGFR2,path:ptr04144
FGFR2,path:ptr04151
FGFR2,path:ptr04550
FGFR2,path:ptr04810
FGFR2,path:ptr05200
FGFR2,path:ptr05215
FGFR2,path:ptr05226
FGFR2,path:ptr05230
KRAS,path:ptr01521
KRAS,path:ptr01522
KRAS,path:ptr04010
KRAS,path:ptr04012
KRAS,path:ptr04014
KRAS,path:ptr04015
KRAS,path:ptr04062
KRAS,path:ptr04068
KRAS,path:ptr04071
KRAS,path:ptr04072
KRAS,path:ptr04137
KRAS,path:ptr04140
KRAS,path:ptr04150
KRAS,path:ptr04151
KRAS,path:ptr04210
KRAS,path:ptr04211
KRAS,path:ptr04213
KRAS,path:ptr04218
KRAS,path:ptr04360
KRAS,path:ptr04370
KRAS,path:ptr04371
KRAS,path:ptr04519
KRAS,path:ptr04540
KRAS,path:ptr04550
KRAS,path:ptr04625
KRAS,path:ptr04650
KRAS,path:ptr04660
KRAS,path:ptr04662
KRAS,path:ptr04664
KRAS,path:ptr04714
KRAS,path:ptr04720
KRAS,path:ptr04722
KRAS,path:ptr04725
KRAS,path:ptr04726
KRAS,path:ptr04730
KRAS,path:ptr04810
KRAS,path:ptr04910
KRAS,path:ptr04912
KRAS,path:ptr04914
KRAS,path:ptr04915
KRAS,path:ptr04916
KRAS,path:ptr04917
KRAS,path:ptr04919
KRAS,path:ptr04921
KRAS,path:ptr04926
KRAS,path:ptr04929
KRAS,path:ptr04933
KRAS,path:ptr04935
KRAS,path:ptr04960
KRAS,path:ptr05010
KRAS,path:ptr05022
KRAS,path:ptr05034
KRAS,path:ptr05160
KRAS,path:ptr05161
KRAS,path:ptr05163
KRAS,path:ptr05165
KRAS,path:ptr05166
KRAS,path:ptr05167
KRAS,path:ptr05170
KRAS,path:ptr05200
KRAS,path:ptr05203
KRAS,path:ptr05205
KRAS,path:ptr05206
KRAS,path:ptr05207
KRAS,path:ptr05208
KRAS,path:ptr05210
KRAS,path:ptr05211
KRAS,path:ptr05212
KRAS,path:ptr05213
KRAS,path:ptr05214
KRAS,path:ptr05215
KRAS,path:ptr05216
KRAS,path:ptr05218
KRAS,path:ptr05219
KRAS,path:ptr05220
KRAS,path:ptr05221
KRAS,path:ptr05223
KRAS,path:ptr05224
KRAS,path:ptr05225
KRAS,path:ptr05226
KRAS,path:ptr05230
KRAS,path:ptr05231
KRAS,path:ptr05235
KRAS,path:ptr05417
MAP2K1,path:ptr01521
MAP2K1,path:ptr01522
MAP2K1,path:ptr04010
MAP2K1,path:ptr04012
MAP2K1,path:ptr04014
MAP2K1,path:ptr04015
MAP2K1,path:ptr04022
MAP2K1,path:ptr04024
MAP2K1,path:ptr04062
MAP2K1,path:ptr04066
MAP2K1,path:ptr04068
MAP2K1,path:ptr04071
MAP2K1,path:ptr04072
MAP2K1,path:ptr04114
MAP2K1,path:ptr04140
MAP2K1,path:ptr04148
MAP2K1,path:ptr04150
MAP2K1,path:ptr04151
MAP2K1,path:ptr04210
MAP2K1,path:ptr04218
MAP2K1,path:ptr04270
MAP2K1,path:ptr04370
MAP2K1,path:ptr04371
MAP2K1,path:ptr04380
MAP2K1,path:ptr04510
MAP2K1,path:ptr04517
MAP2K1,path:ptr04519
MAP2K1,path:ptr04540
MAP2K1,path:ptr04550
MAP2K1,path:ptr04613
MAP2K1,path:ptr04620
MAP2K1,path:ptr04650
MAP2K1,path:ptr04660
MAP2K1,path:ptr04662
MAP2K1,path:ptr04664
MAP2K1,path:ptr04666
MAP2K1,path:ptr04668
MAP2K1,path:ptr04720
MAP2K1,path:ptr04722
MAP2K1,path:ptr04725
MAP2K1,path:ptr04726
MAP2K1,path:ptr04730
MAP2K1,path:ptr04810
MAP2K1,path:ptr04910
MAP2K1,path:ptr04912
MAP2K1,path:ptr04914
MAP2K1,path:ptr04915
MAP2K1,path:ptr04916
MAP2K1,path:ptr04917
MAP2K1,path:ptr04919
MAP2K1,path:ptr04921
MAP2K1,path:ptr04926
MAP2K1,path:ptr04928
MAP2K1,path:ptr04929
MAP2K1,path:ptr04934
MAP2K1,path:ptr04935
MAP2K1,path:ptr05010
MAP2K1,path:ptr05022
MAP2K1,path:ptr05034
MAP2K1,path:ptr05132
MAP2K1,path:ptr05135
MAP2K1,path:ptr05160
MAP2K1,path:ptr05161
MAP2K1,path:ptr05163
MAP2K1,path:ptr05164
MAP2K1,path:ptr05165
MAP2K1,path:ptr05166
MAP2K1,path:ptr05167
MAP2K1,path:ptr05170
MAP2K1,path:ptr05200
MAP2K1,path:ptr05205
MAP2K1,path:ptr05206
MAP2K1,path:ptr05207
MAP2K1,path:ptr05208
MAP2K1,path:ptr05210
MAP2K1,path:ptr05211
MAP2K1,path:ptr05212
MAP2K1,path:ptr05213
MAP2K1,path:ptr05214
MAP2K1,path:ptr05215
MAP2K1,path:ptr05216
MAP2K1,path:ptr05218
MAP2K1,path:ptr05219
MAP2K1,path:ptr05220
MAP2K1,path:ptr05221
MAP2K1,path:ptr05223
MAP2K1,path:ptr05224
MAP2K1,path:ptr05225
MAP2K1,path:ptr05226
MAP2K1,path:ptr05230
MAP2K1,path:ptr05231
MAP2K1,path:ptr05235
MAP2K2,path:ptr01521
MAP2K2,path:ptr01522
MAP2K2,path:ptr04010
MAP2K2,path:ptr04012
MAP2K2,path:ptr04014
MAP2K2,path:ptr04015
MAP2K2,path:ptr04022
MAP2K2,path:ptr04024
MAP2K2,path:ptr04066
MAP2K2,path:ptr04068
MAP2K2,path:ptr04071
MAP2K2,path:ptr04072
MAP2K2,path:ptr04140
MAP2K2,path:ptr04148
MAP2K2,path:ptr04150
MAP2K2,path:ptr04151
MAP2K2,path:ptr04210
MAP2K2,path:ptr04218
MAP2K2,path:ptr04270
MAP2K2,path:ptr04370
MAP2K2,path:ptr04371
MAP2K2,path:ptr04517
MAP2K2,path:ptr04519
MAP2K2,path:ptr04540
MAP2K2,path:ptr04550
MAP2K2,path:ptr04613
MAP2K2,path:ptr04620
MAP2K2,path:ptr04650
MAP2K2,path:ptr04660
MAP2K2,path:ptr04662
MAP2K2,path:ptr04664
MAP2K2,path:ptr04720
MAP2K2,path:ptr04722
MAP2K2,path:ptr04730
MAP2K2,path:ptr04810
MAP2K2,path:ptr04910
MAP2K2,path:ptr04912
MAP2K2,path:ptr04915
MAP2K2,path:ptr04916
MAP2K2,path:ptr04917
MAP2K2,path:ptr04919
MAP2K2,path:ptr04921
MAP2K2,path:ptr04926
MAP2K2,path:ptr04929
MAP2K2,path:ptr04934
MAP2K2,path:ptr04935
MAP2K2,path:ptr05010
MAP2K2,path:ptr05022
MAP2K2,path:ptr05132
MAP2K2,path:ptr05135
MAP2K2,path:ptr05160
MAP2K2,path:ptr05161
MAP2K2,path:ptr05163
MAP2K2,path:ptr05164
MAP2K2,path:ptr05165
MAP2K2,path:ptr05166
MAP2K2,path:ptr05167
MAP2K2,path:ptr05170
MAP2K2,path:ptr05200
MAP2K2,path:ptr05205
MAP2K2,path:ptr05206
MAP2K2,path:ptr05207
MAP2K2,path:ptr05208
MAP2K2,path:ptr05210
MAP2K2,path:ptr05211
MAP2K2,path:ptr05213
MAP2K2,path:ptr05214
MAP2K2,path:ptr05215
MAP2K2,path:ptr05216
MAP2K2,path:ptr05218
MAP2K2,path:ptr05219
MAP2K2,path:ptr05220
MAP2K2,path:ptr05221
MAP2K2,path:ptr05223
MAP2K2,path:ptr05224
MAP2K2,path:ptr05225
MAP2K2,path:ptr05226
MAP2K2,path:ptr05230
MAP2K2,path:ptr05231
MAP2K2,path:ptr05235
MAPK1,path:ptr01521
MAPK1,path:ptr01522
MAPK1,path:ptr01524
MAPK1,path:ptr04010
MAPK1,path:ptr04012
MAPK1,path:ptr04014
MAPK1,path:ptr04015
MAPK1,path:ptr04022
MAPK1,path:ptr04024
MAPK1,path:ptr04062
MAPK1,path:ptr04066
MAPK1,path:ptr04068
MAPK1,path:ptr04071
MAPK1,path:ptr04072
MAPK1,path:ptr04114
MAPK1,path:ptr04140
MAPK1,path:ptr04148
MAPK1,path:ptr04150
MAPK1,path:ptr04151
MAPK1,path:ptr04210
MAPK1,path:ptr04218
MAPK1,path:ptr04261
MAPK1,path:ptr04270
MAPK1,path:ptr04350
MAPK1,path:ptr04360
MAPK1,path:ptr04370
MAPK1,path:ptr04371
MAPK1,path:ptr04380
MAPK1,path:ptr04510
MAPK1,path:ptr04517
MAPK1,path:ptr04519
MAPK1,path:ptr04520
MAPK1,path:ptr04540
MAPK1,path:ptr04550
MAPK1,path:ptr04611
MAPK1,path:ptr04613
MAPK1,path:ptr04620
MAPK1,path:ptr04621
MAPK1,path:ptr04625
MAPK1,path:ptr04650
MAPK1,path:ptr04657
MAPK1,path:ptr04658
MAPK1,path:ptr04659
MAPK1,path:ptr04660
MAPK1,path:ptr04662
MAPK1,path:ptr04664
MAPK1,path:ptr04666
MAPK1,path:ptr04668
MAPK1,path:ptr04713
MAPK1,path:ptr04720
MAPK1,path:ptr04722
MAPK1,path:ptr04723
MAPK1,path:ptr04724
MAPK1,path:ptr04725
MAPK1,path:ptr04726
MAPK1,path:ptr04730
MAPK1,path:ptr04810
MAPK1,path:ptr04910
MAPK1,path:ptr04912
MAPK1,path:ptr04914
MAPK1,path:ptr04915
MAPK1,path:ptr04916
MAPK1,path:ptr04917
MAPK1,path:ptr04919
MAPK1,path:ptr04921
MAPK1,path:ptr04926
MAPK1,path:ptr04928
MAPK1,path:ptr04929
MAPK1,path:ptr04930
MAPK1,path:ptr04933
MAPK1,path:ptr04934
MAPK1,path:ptr04935
MAPK1,path:ptr04960
MAPK1,path:ptr05010
MAPK1,path:ptr05020
MAPK1,path:ptr05022
MAPK1,path:ptr05034
MAPK1,path:ptr05132
MAPK1,path:ptr05133
MAPK1,path:ptr05135
MAPK1,path:ptr05140
MAPK1,path:ptr05142
MAPK1,path:ptr05145
MAPK1,path:ptr05152
MAPK1,path:ptr05160
MAPK1,path:ptr05161
MAPK1,path:ptr05163
MAPK1,path:ptr05164
MAPK1,path:ptr05165
MAPK1,path:ptr05166
MAPK1,path:ptr05167
MAPK1,path:ptr05170
MAPK1,path:ptr05171
MAPK1,path:ptr05200
MAPK1,path:ptr05203
MAPK1,path:ptr05205
MAPK1,path:ptr05206
MAPK1,path:ptr05207
MAPK1,path:ptr05208
MAPK1,path:ptr05210
MAPK1,path:ptr05211
MAPK1,path:ptr05212
MAPK1,path:ptr05213
MAPK1,path:ptr05214
MAPK1,path:ptr05215
MAPK1,path:ptr05216
MAPK1,path:ptr05218
MAPK1,path:ptr05219
MAPK1,path:ptr05220
MAPK1,path:ptr05221
MAPK1,path:ptr05223
MAPK1,path:ptr05224
MAPK1,path:ptr05225
MAPK1,path:ptr05226
MAPK1,path:ptr05230
MAPK1,path:ptr05231
MAPK1,path:ptr05235
MAPK1,path:ptr05417
MAPK3,path:ptr01521
MAPK3,path:ptr01522
MAPK3,path:ptr01524
MAPK3,path:ptr04010
MAPK3,path:ptr04012
MAPK3,path:ptr04014
MAPK3,path:ptr04015
MAPK3,path:ptr04022
MAPK3,path:ptr04024
MAPK3,path:ptr04062
MAPK3,path:ptr04066
MAPK3,path:ptr04068
MAPK3,path:ptr04071
MAPK3,path:ptr04072
MAPK3,path:ptr04114
MAPK3,path:ptr04140
MAPK3,path:ptr04148
MAPK3,path:ptr04150
MAPK3,path:ptr04151
MAPK3,path:ptr04210
MAPK3,path:ptr04218
MAPK3,path:ptr04261
MAPK3,path:ptr04270
MAPK3,path:ptr04350
MAPK3,path:ptr04360
MAPK3,path:ptr04370
MAPK3,path:ptr04371
MAPK3,path:ptr04380
MAPK3,path:ptr04510
MAPK3,path:ptr04517
MAPK3,path:ptr04519
MAPK3,path:ptr04520
MAPK3,path:ptr04540
MAPK3,path:ptr04550
MAPK3,path:ptr04611
MAPK3,path:ptr04613
MAPK3,path:ptr04620
MAPK3,path:ptr04621
MAPK3,path:ptr04625
MAPK3,path:ptr04650
MAPK3,path:ptr04657
MAPK3,path:ptr04658
MAPK3,path:ptr04659
MAPK3,path:ptr04660
MAPK3,path:ptr04662
MAPK3,path:ptr04664
MAPK3,path:ptr04666
MAPK3,path:ptr04668
MAPK3,path:ptr04713
MAPK3,path:ptr04720
MAPK3,path:ptr04722
MAPK3,path:ptr04723
MAPK3,path:ptr04724
MAPK3,path:ptr04725
MAPK3,path:ptr04726
MAPK3,path:ptr04730
MAPK3,path:ptr04810
MAPK3,path:ptr04910
MAPK3,path:ptr04912
MAPK3,path:ptr04914
MAPK3,path:ptr04915
MAPK3,path:ptr04916
MAPK3,path:ptr04917
MAPK3,path:ptr04919
MAPK3,path:ptr04921
MAPK3,path:ptr04926
MAPK3,path:ptr04928
MAPK3,path:ptr04929
MAPK3,path:ptr04930
MAPK3,path:ptr04933
MAPK3,path:ptr04934
MAPK3,path:ptr04935
MAPK3,path:ptr04960
MAPK3,path:ptr05010
MAPK3,path:ptr05020
MAPK3,path:ptr05022
MAPK3,path:ptr05034
MAPK3,path:ptr05132
MAPK3,path:ptr05133
MAPK3,path:ptr05135
MAPK3,path:ptr05140
MAPK3,path:ptr05142
MAPK3,path:ptr05145
MAPK3,path:ptr05152
MAPK3,path:ptr05160
MAPK3,path:ptr05161
MAPK3,path:ptr05163
MAPK3,path:ptr05164
MAPK3,path:ptr05165
MAPK3,path:ptr05166
MAPK3,path:ptr05167
MAPK3,path:ptr05170
MAPK3,path:ptr05171
MAPK3,path:ptr05200
MAPK3,path:ptr05203
MAPK3,path:ptr05205
MAPK3,path:ptr05206
MAPK3,path:ptr05207
MAPK3,path:ptr05208
MAPK3,path:ptr05210
MAPK3,path:ptr05211
MAPK3,path:ptr05212
MAPK3,path:ptr05213
MAPK3,path:ptr05214
MAPK3,path:ptr05215
MAPK3,path:ptr05216
MAPK3,path:ptr05218
MAPK3,path:ptr05219
MAPK3,path:ptr05220
MAPK3,path:ptr05221
MAPK3,path:ptr05223
MAPK3,path:ptr05224
MAPK3,path:ptr05225
MAPK3,path:ptr05226
MAPK3,path:ptr05230
MAPK3,path:ptr05231
MAPK3,path:ptr05235
MAPK3,path:ptr05417
MDM2,path:ptr01522
MDM2,path:ptr01524
MDM2,path:ptr04068
MDM2,path:ptr04110
MDM2,path:ptr04115
MDM2,path:ptr04120
MDM2,path:ptr04144
MDM2,path:ptr04151
MDM2,path:ptr04218
MDM2,path:ptr04625
MDM2,path:ptr04919
MDM2,path:ptr05163
MDM2,path:ptr05165
MDM2,path:ptr05169
MDM2,path:ptr05200
MDM2,path:ptr05202
MDM2,path:ptr05203
MDM2,path:ptr05205
MDM2,path:ptr05206
MDM2,path:ptr05214
MDM2,path:ptr05215
MDM2,path:ptr05218
MDM2,path:ptr05219
MDM2,path:ptr05220
MTOR,path:hsa04142
NRAS,path:ptr01521
NRAS,path:ptr01522
NRAS,path:ptr04010
NRAS,path:ptr04012
NRAS,path:ptr04014
NRAS,path:ptr04015
NRAS,path:ptr04062
NRAS,path:ptr04068
NRAS,path:ptr04071
NRAS,path:ptr04072
NRAS,path:ptr04137
NRAS,path:ptr04140
NRAS,path:ptr04150
NRAS,path:ptr04151
NRAS,path:ptr04210
NRAS,path:ptr04211
NRAS,path:ptr04213
NRAS,path:ptr04218
NRAS,path:ptr04360
NRAS,path:ptr04370
NRAS,path:ptr04371
NRAS,path:ptr04519
NRAS,path:ptr04540
NRAS,path:ptr04550
NRAS,path:ptr04625
NRAS,path:ptr04650
NRAS,path:ptr04660
NRAS,path:ptr04662
NRAS,path:ptr04664
NRAS,path:ptr04714
NRAS,path:ptr04720
NRAS,path:ptr04722
NRAS,path:ptr04725
NRAS,path:ptr04726
NRAS,path:ptr04730
NRAS,path:ptr04810
NRAS,path:ptr04910
NRAS,path:ptr04912
NRAS,path:ptr04915
NRAS,path:ptr04916
NRAS,path:ptr04917
NRAS,path:ptr04919
NRAS,path:ptr04921
NRAS,path:ptr04926
NRAS,path:ptr04929
NRAS,path:ptr04933
NRAS,path:ptr04935
NRAS,path:ptr05010
NRAS,path:ptr05022
NRAS,path:ptr05034
NRAS,path:ptr05160
NRAS,path:ptr05161
NRAS,path:ptr05163
NRAS,path:ptr05165
NRAS,path:ptr05166
NRAS,path:ptr05167
NRAS,path:ptr05170
NRAS,path:ptr05200
NRAS,path:ptr05203
NRAS,path:ptr05205
NRAS,path:ptr05206
NRAS,path:ptr05207
NRAS,path:ptr05208
NRAS,path:ptr05210
NRAS,path:ptr05211
NRAS,path:ptr05213
NRAS,path:ptr05214
NRAS,path:ptr05215
NRAS,path:ptr05216
NRAS,path:ptr05218
NRAS,path:ptr05219
NRAS,path:ptr05220
NRAS,path:ptr05221
NRAS,path:ptr05223
NRAS,path:ptr05224
NRAS,path:ptr05225
NRAS,path:ptr05226
NRAS,path:ptr05230
NRAS,path:ptr05231
NRAS,path:ptr05235
NRAS,path:ptr05417
PIK3CA,path:ptr00562
PIK3CA,path:ptr01100
PIK3CA,path:ptr01521
PIK3CA,path:ptr01522
PIK3CA,path:ptr01524
PIK3CA,path:ptr04012
PIK3CA,path:ptr04014
PIK3CA,path:ptr04015
PIK3CA,path:ptr04024
PIK3CA,path:ptr04062
PIK3CA,path:ptr04066
PIK3CA,path:ptr04068
PIK3CA,path:ptr04070
PIK3CA,path:ptr04071
PIK3CA,path:ptr04072
PIK3CA,path:ptr04081
PIK3CA,path:ptr04140
PIK3CA,path:ptr04145
PIK3CA,path:ptr04150
PIK3CA,path:ptr04151
PIK3CA,path:ptr04152
PIK3CA,path:ptr04210
PIK3CA,path:ptr04211
PIK3CA,path:ptr04213
PIK3CA,path:ptr04218
PIK3CA,path:ptr04360
PIK3CA,path:ptr04370
PIK3CA,path:ptr04380
PIK3CA,path:ptr04510
PIK3CA,path:ptr04517
PIK3CA,path:ptr04518
PIK3CA,path:ptr04550
PIK3CA,path:ptr04611
PIK3CA,path:ptr04613
PIK3CA,path:ptr04620
PIK3CA,path:ptr04625
PIK3CA,path:ptr04630
PIK3CA,path:ptr04650
PIK3CA,path:ptr04660
PIK3CA,path:ptr04662
PIK3CA,path:ptr04664
PIK3CA,path:ptr04666
PIK3CA,path:ptr04668
PIK3CA,path:ptr04670
PIK3CA,path:ptr04722
PIK3CA,path:ptr04725
PIK3CA,path:ptr04750
PIK3CA,path:ptr04810
PIK3CA,path:ptr04910
PIK3CA,path:ptr04914
PIK3CA,path:ptr04915
PIK3CA,path:ptr04917
PIK3CA,path:ptr04919
PIK3CA,path:ptr04923
PIK3CA,path:ptr04926
PIK3CA,path:ptr04929
PIK3CA,path:ptr04930
PIK3CA,path:ptr04931
PIK3CA,path:ptr04932
PIK3CA,path:ptr04933
PIK3CA,path:ptr04935
PIK3CA,path:ptr04960
PIK3CA,path:ptr04973
PIK3CA,path:ptr05010
PIK3CA,path:ptr05017
PIK3CA,path:ptr05020
PIK3CA,path:ptr05100
PIK3CA,path:ptr05132
PIK3CA,path:ptr05135
PIK3CA,path:ptr05142
PIK3CA,path:ptr05146
PIK3CA,path:ptr05160
PIK3CA,path:ptr05161
PIK3CA,path:ptr05162
PIK3CA,path:ptr05163
PIK3CA,path:ptr05164
PIK3CA,path:ptr05165
PIK3CA,path:ptr05166
PIK3CA,path:ptr05167
PIK3CA,path:ptr05168
PIK3CA,path:ptr05169
PIK3CA,path:ptr05170
PIK3CA,path:ptr05171
PIK3CA,path:ptr05200
PIK3CA,path:ptr05203
PIK3CA,path:ptr05205
PIK3CA,path:ptr05206
PIK3CA,path:ptr05207
PIK3CA,path:ptr05208
PIK3CA,path:ptr05210
PIK3CA,path:ptr05211
PIK3CA,path:ptr05212
PIK3CA,path:ptr05213
PIK3CA,path:ptr05214
PIK3CA,path:ptr05215
PIK3CA,path:ptr05218
PIK3CA,path:ptr05220
PIK3CA,path:ptr05221
PIK3CA,path:ptr05222
PIK3CA,path:ptr05223
PIK3CA,path:ptr05224
PIK3CA,path:ptr05225
PIK3CA,path:ptr05226
PIK3CA,path:ptr05230
PIK3CA,path:ptr05231
PIK3CA,path:ptr05235
PIK3CA,path:ptr05415
PIK3CA,path:ptr05417
PIK3CA,path:ptr05418
RAF1,path:ptr01521
RAF1,path:ptr01522
RAF1,path:ptr04010
RAF1,path:ptr04012
RAF1,path:ptr04014
RAF1,path:ptr04015
RAF1,path:ptr04022
RAF1,path:ptr04024
RAF1,path:ptr04062
RAF1,path:ptr04068
RAF1,path:ptr04071
RAF1,path:ptr04072
RAF1,path:ptr04140
RAF1,path:ptr04150
RAF1,path:ptr04151
RAF1,path:ptr04210
RAF1,path:ptr04218
RAF1,path:ptr04270
RAF1,path:ptr04360
RAF1,path:ptr04370
RAF1,path:ptr04371
RAF1,path:ptr04510
RAF1,path:ptr04519
RAF1,path:ptr04540
RAF1,path:ptr04550
RAF1,path:ptr04613
RAF1,path:ptr04625
RAF1,path:ptr04630
RAF1,path:ptr04650
RAF1,path:ptr04660
RAF1,path:ptr04662
RAF1,path:ptr04664
RAF1,path:ptr04666
RAF1,path:ptr04720
RAF1,path:ptr04722
RAF1,path:ptr04726
RAF1,path:ptr04730
RAF1,path:ptr04810
RAF1,path:ptr04910
RAF1,path:ptr04912
RAF1,path:ptr04914
RAF1,path:ptr04915
RAF1,path:ptr04916
RAF1,path:ptr04917
RAF1,path:ptr04919
RAF1,path:ptr04921
RAF1,path:ptr04926
RAF1,path:ptr04928
RAF1,path:ptr04929
RAF1,path:ptr04935
RAF1,path:ptr05010
RAF1,path:ptr05022
RAF1,path:ptr05034
RAF1,path:ptr05132
RAF1,path:ptr05152
RAF1,path:ptr05160
RAF1,path:ptr05161
RAF1,path:ptr05163
RAF1,path:ptr05164
RAF1,path:ptr05165
RAF1,path:ptr05167
RAF1,path:ptr05170
RAF1,path:ptr05200
RAF1,path:ptr05205
RAF1,path:ptr05206
RAF1,path:ptr05207
RAF1,path:ptr05208
RAF1,path:ptr05210
RAF1,path:ptr05211
RAF1,path:ptr05212
RAF1,path:ptr05213
RAF1,path:ptr05214
RAF1,path:ptr05215
RAF1,path:ptr05218
RAF1,path:ptr05219
RAF1,path:ptr05220
RAF1,path:ptr05221
RAF1,path:ptr05223
RAF1,path:ptr05224
RAF1,path:ptr05225
RAF1,path:ptr05226
RAF1,path:ptr05230
RAF1,path:ptr05231
RAF1,path:ptr05235
ROS1,path:ptr04148
ROS1,path:ptr04610
SHC1,path:ptr01521
SHC1,path:ptr01522
SHC1,path:ptr04012
SHC1,path:ptr04014
SHC1,path:ptr04062
SHC1,path:ptr04072
SHC1,path:ptr04510
SHC1,path:ptr04650
SHC1,path:ptr04722
SHC1,path:ptr04910
SHC1,path:ptr04915
SHC1,path:ptr04917
SHC1,path:ptr04926
SHC1,path:ptr04935
SHC1,path:ptr05034
SHC1,path:ptr05100
SHC1,path:ptr05206
SHC1,path:ptr05214
SHC1,path:ptr05220
SHC1,path:ptr05224
SHC1,path:ptr05225
SHC1,path:ptr05226
SOS1,path:ptr01521
SOS1,path:ptr01522
SOS1,path:ptr04010
SOS1,path:ptr04012
SOS1,path:ptr04014
SOS1,path:ptr04062
SOS1,path:ptr04068
SOS1,path:ptr04072
SOS1,path:ptr04150
SOS1,path:ptr04151
SOS1,path:ptr04510
SOS1,path:ptr04540
SOS1,path:ptr04630
SOS1,path:ptr04650
SOS1,path:ptr04660
SOS1,path:ptr04662
SOS1,path:ptr04664
SOS1,path:ptr04714
SOS1,path:ptr04722
SOS1,path:ptr04810
SOS1,path:ptr04910
SOS1,path:ptr04912
SOS1,path:ptr04915
SOS1,path:ptr04917
SOS1,path:ptr04926
SOS1,path:ptr04935
SOS1,path:ptr05034
SOS1,path:ptr05160
SOS1,path:ptr05161
SOS1,path:ptr05163
SOS1,path:ptr05165
SOS1,path:ptr05200
SOS1,path:ptr05205
SOS1,path:ptr05206
SOS1,path:ptr05207
SOS1,path:ptr05208
SOS1,path:ptr05210
SOS1,path:ptr05211
SOS1,path:ptr05213
SOS1,path:ptr05214
SOS1,path:ptr05215
SOS1,path:ptr05220
SOS1,path:ptr05221
SOS1,path:ptr05223
SOS1,path:ptr05224
SOS1,path:ptr05225
SOS1,path:ptr05226
SOS1,path:ptr05231
TSC1,path:ptr04072
TSC1,path:ptr04140
TSC1,path:ptr04150
TSC1,path:ptr04151
TSC1,path:ptr04152
TSC1,path:ptr04211
TSC1,path:ptr04218
TSC1,path:ptr04714
TSC1,path:ptr04910
TSC1,path:ptr05163
TSC1,path:ptr05165
TSC1,path:ptr05168
TSC1,path:ptr05231
