sample_id,sample_name,mutations,n_genes
ACH-000012,HCC-827,EGFR; EGFR exon 19 del; TP53,2
ACH-000021,NCI-H1693,TP53,1
ACH-000029,HCC-827-GR5,EGFR exon 19 del; TERT; TP53,3
ACH-000030,PC-14,CDKN2A; EGFR; EGFR exon 19 del; TP53,3
ACH-000062,RERF-LC-MS,TP53,1
ACH-000066,HCC4006,EGFR exon 19 del; TP53,2
ACH-000109,NCI-H3255,EGFR p.L858R; TP53,2
ACH-000121,NCI-H2405,TP53,1
ACH-000150,HCC2935,APC; CDKN2A; MTAP; PTEN; TP53,5
ACH-000161,COR-L105,IDH1,1
ACH-000264,Calu-6,CDKN2A; KRAS; KRAS p.Q61; TP53,3
ACH-000309,SK-LU-1,KRAS; KRAS p.G12; KRAS p.G12D; TP53,2
ACH-000311,NCI-H2122,CDKN2A; KRAS p.G12; KRAS p.G12C; TP53,3
ACH-000314,HCC-2108,KRAS p.Q61; TP53,2
ACH-000337,NCI-H3122,CDKN2A; MTAP; NF1; TP53,4
ACH-000339,HCC-461,KRAS; KRAS p.G12; KRAS p.G12D; PTEN; TP53; ZNF502,4
ACH-000343,NCI-H522,TP53,1
ACH-000379,NCI-H1781,PTEN; TP53,2
ACH-000392,Calu-3,CDKN2A; CNBD1; TP53,3
ACH-000414,NCI-H1944,C2orf81; KEAP1; KRAS; KRAS p.G13,3
ACH-000416,NCI-H838,CDKN2A; MTAP; TP53,3
ACH-000447,NCI-H2228,CDKN2A; MTAP; NFE2L2; PTCH1; RB1; TP53,6
ACH-000448,NCI-H1666,BRAF; CDKN2A; MTAP,3
ACH-000451,NCI-H2085,CDKN2A; TP53,2
ACH-000482,RERF-LC-KJ,GAS2L2; TP53,2
ACH-000496,NCI-H1792,CDKN2A; KRAS; KRAS p.G12; KRAS p.G12C; TP53,3
ACH-000521,NCI-H2030,KRAS p.G12; KRAS p.G12C; TP53,2
ACH-000528,ABC-1,NF1; TP53,2
ACH-000562,HCC-78,CDKN2A; TP53,2
ACH-000587,NCI-H1975,CDKN2A; EGFR p.L858R; PIK3CA; TP53,4
ACH-000589,NCI-H1437,CARNS1; CDKN2A; MAP2K1; MTAP; TGFBR1,5
ACH-000590,NCI-H2073,TP53,1
ACH-000638,NCI-H441,KRAS; KRAS p.G12; TP53,2
ACH-000666,NCI-H1355,KRAS; KRAS p.G13; TP53,2
ACH-000667,HCC-44,GAS2L2; KRAS p.G12; KRAS p.G12C; RB1; TP53,4
ACH-000675,NCI-H1734,CDKN2A; KRAS; KRAS p.G13; TP53,3
ACH-000677,SW 1573,CTNNB1; KRAS; KRAS p.G12; KRAS p.G12C; PIK3CA,3
ACH-000681,A549,CDKN2A; KRAS p.G12; MTAP; STK11,4
ACH-000706,EKVX,TP53; VHL,2
ACH-000712,HCC-1833,DIS3; GNAS; TP53,3
ACH-000718,NCI-H2291,CDKN2A; KRAS p.G12; TP53,3
ACH-000733,NCI-H1838,BMPR1A; NF1; TP53,3
ACH-000744,NCI-H1623,TP53,1
ACH-000757,A427,KRAS; KRAS p.G12; KRAS p.G12D,1
ACH-000766,NCI-H1648,CDKN2A; MTAP; TP53,3
ACH-000774,RERF-LC-Ad2,KRAS p.G12; TP53,2
ACH-000779,PC-9,CDKN2A; EGFR; EGFR exon 19 del; TP53,3
ACH-000781,NCI-H2023,CDKN2A; MTAP; TP53,3
ACH-000785,NCI-H2126,CDKN2A; COL21A1; MTAP; TP53,4
ACH-000787,LXF-289,C12orf43; CDKN2A; CTNNB1; TP53,4
ACH-000791,RERF-LC-Ad1,CDKN2A; KRAS; KRAS p.G12; MTAP; TERT; TP53,5
ACH-000837,NCI-H322,CDKN2A; MTAP; TP53,3
ACH-000841,NCI-H2087,BRAF; NRAS; NRAS p.Q61; PHLDA2; RB1; TP53,5
ACH-000845,NCI-H1373,CDKN2A; DNAJA4; KRAS; KRAS p.G12; KRAS p.G12C; TP53,4
ACH-000851,MOR/CPR,CTNNB1; KRAS p.G13; TP53,3
ACH-000852,NCI-H1435,APC; TP53,2
ACH-000860,NCI-H358,KRAS; KRAS p.G12; KRAS p.G12C,1
ACH-000861,HOP-62,BARD1; CDKN2A; KRAS; KRAS p.G12; KRAS p.G12C; TP53,4
ACH-000869,NCI-H1568,CDKN2A; KMT2A Fusions; NFE2L2; TP53,4
ACH-000872,HCC515,CDKN2A; KRAS; KRAS p.G13; TP53,3
ACH-000875,NCI-H2347,KRAS; NRAS p.Q61; TP53,3
ACH-000886,NCI-H2009,B2M; CARNS1; KRAS; KRAS p.G12; MB21D2; TERT; TP53,6
ACH-000888,NCI-H1793,CDKN2A; TP53,2
ACH-000892,NCI-H1563,C2orf81; CDKN2A; PIK3CA; PIK3CA p.E542; STK11,4
ACH-000893,NCI-H1651,TP53,1
ACH-000900,NCI-H23,KRAS; KRAS p.G12; KRAS p.G12C; TP53,2
ACH-000916,NCI-H1573,CDKN2A; ERBB3; KRAS; KRAS p.G12; PTCH1; STK11; TP53,6
ACH-000925,DV-90,CHD4; DCST1; ERBB2; ERBB3; KRAS; KRAS p.G13; MSI; SON,7
ACH-000945,NCI-H650,BRCA2; KRAS p.Q61; MB21D2; TP53,4
ACH-000951,NCI-H2342,EIF1AX; FBXW7; TP53,3
ACH-001137,NCI-H1993,TP53,1
ACH-001233,VMRC-LCD,TP53,1
ACH-001490,COR-L321,RB1; TP53,2
ACH-002089,201T,TP53,1
ACH-002157,LC-2-ad,TP53,1
ACH-002337,JHU-028,KRAS p.G12; RAC1,2
ACH-002497,NCI-H920,RB1; TP53,2
ACH-002522,SNU-2292,CDKN2A; MTAP; TERT; TP53,4
ACH-002526,SNU-1327,CDKN2A; MTAP; TP53,3
ACH-002531,SNU-2535,CDKN2A; NFE2L2,2
ACH-002650,ETCC-016,CDKN2A; MTAP; TP53,3
ACH-003012,A549_CRAF_KD,CDKN2A; KRAS p.G12; MTAP,3
